fighter name,fighter DraftKings,fighter BetMGM,fighter Caesars,fighter BetRivers,fighter FanDuel,fighter PointsBet,fighter Unibet,fighter Bet365,fighter BetWay,fighter 5D,fighter Ref,opponent name,opponent DraftKings,opponent BetMGM,opponent Caesars,opponent BetRivers,opponent FanDuel,opponent PointsBet,opponent Unibet,opponent Bet365,opponent BetWay,opponent 5D,opponent Ref,predicted fighter odds,predicted opponent odds,average bookie odds,correct?,date
Holly Holm,,,,,,,,,,,,Mayra Bueno Silva,,,,,,,,,,,,+177,-177,,,2023-07-15
Francisco Prado,,,,,,,,,,,,Ottman Azaitar,,,,,,,,,,,,-150,+150,,,2023-07-15
Albert Duraev,,,,,,,,,,,,Jun Yong Park,,,,,,,,,,,,+121,-121,,,2023-07-15
Bassil Hafez,,,,,,,,,,,,Jack Della Maddalena,,,,,,,,,,,,,,,,2023-07-15
Chelsea Chandler,,,,,,,,,,,,Norma Dumont,,,,,,,,,,,,-119,+119,,,2023-07-15
Nazim Sadykhov,,,,,,,,,,,,Terrance McKinney,,,,,,,,,,,,+194,-194,,,2023-07-15
Melsik Baghdasaryan,,,,,,,,,,,,Tucker Lutz,,,,,,,,,,,,-103,+103,,,2023-07-15
Istela Nunes,,,,,,,,,,,,Viktoriia Dudakova,,,,,,,,,,,,,,,,2023-07-15
Austin Lingo,,,,,,,,,,,,Melquizael Costa,,,,,,,,,,,,-112,+112,,,2023-07-15
Evan Elder,,,,,,,,,,,,Genaro Valdez,,,,,,,,,,,,-170,+170,,,2023-07-15
Azat Maksum,,,,,,,,,,,,Tyson Nam,,,,,,,,,,,,,,,,2023-07-15
Alexander Munoz,,,,,,,,,,,,Carl Deaton,,,,,,,,,,,,-113,+113,,,2023-07-15
Ailin Perez,,,,,,,,,,,,Ashlee Evans-Smith,,,,,,,,,,,,-156,+156,,,2023-07-15
Holly Holm,,,,,,,,,,,,Mayra Bueno Silva,,,,,,,,,,,,+177,-177,,,2023-07-15
Francisco Prado,,,,,,,,,,,,Ottman Azaitar,,,,,,,,,,,,-150,+150,,,2023-07-15
Albert Duraev,,,,,,,,,,,,Jun Yong Park,,,,,,,,,,,,+121,-121,,,2023-07-15
Bassil Hafez,,,,,,,,,,,,Jack Della Maddalena,,,,,,,,,,,,,,,,2023-07-15
Chelsea Chandler,,,,,,,,,,,,Norma Dumont,,,,,,,,,,,,-119,+119,,,2023-07-15
Nazim Sadykhov,,,,,,,,,,,,Terrance McKinney,,,,,,,,,,,,+194,-194,,,2023-07-15
Melsik Baghdasaryan,,,,,,,,,,,,Tucker Lutz,,,,,,,,,,,,-103,+103,,,2023-07-15
Istela Nunes,,,,,,,,,,,,Viktoriia Dudakova,,,,,,,,,,,,,,,,2023-07-15
Austin Lingo,,,,,,,,,,,,Melquizael Costa,,,,,,,,,,,,-112,+112,,,2023-07-15
Evan Elder,,,,,,,,,,,,Genaro Valdez,,,,,,,,,,,,-170,+170,,,2023-07-15
Azat Maksum,,,,,,,,,,,,Tyson Nam,,,,,,,,,,,,,,,,2023-07-15
Alexander Munoz,,,,,,,,,,,,Carl Deaton,,,,,,,,,,,,-113,+113,,,2023-07-15
Ailin Perez,,,,,,,,,,,,Ashlee Evans-Smith,,,,,,,,,,,,-156,+156,,,2023-07-15
Angela Hill,,145,145,150,144,,+150,150,+150,146,,Mackenzie Dern,,-175,-170,-190,-186,,-190,-175,-188,-171,,305,-305,"['148', '-181']",,
Anthony Hernandez,,-210,-200,-235,-245,,-235,-225,-250,-191,,Edmen Shahbazyan,,170,170,185,186,,185,188,+200,166,,-139,139,"['-224', '181']",,
Emily Ducote,,130,125,128,128,,+128,130,+120,133,,Loopy Godinez,,-160,-150,-159,-164,,-159,-160,-150,-153,,210,-210,"['128', '-157']",,
Andre Fialho,,185,190,180,172,,+180,188,+175,180,,Joaquin Buckley,,-225,-230,-230,-225,,-230,-225,-225,-210,,157,-157,"['181', '-225']",,
Diego Ferreira,,-155,-150,-167,-156,,-167,-160,-163,-163,,Michael Johnson,,125,125,135,122,,135,130,+130,143,,-144,144,"['-160', '131']",,
Karolina Kowalkiewicz,,-135,-130,-137,-140,,-137,-125,-138,-130,,Vanessa Demopoulos,,110,110,110,110,,110,100,+110,110,,125,-125,"['-134', '109']",,
Gilbert Urbina,,100,-105,-105,102,,-105,100,+100,-105,,Orion Cosce,,-120,-115,-118,-130,,-118,-125,-125,-115,,-144,144,"['-2', '-121']",,
Ilir Latifi,,165,170,165,152,,+165,163,+150,169,,Rodrigo Nascimento,,-200,-200,-210,-196,,-210,-188,-188,-194,,129,-129,"['162', '-198']",,
Chase Hooper,,110,115,116,108,,+116,110,+110,102,,Nick Fiore,,-135,-135,-143,-138,,-143,-138,-138,-122,,-198,198,"['111', '-136']",,
Natalia Silva,,-900,-900,-910,-1100,,-910,-800,-800,-1000,,Victoria Leonardo,,575,600,600,600,,600,550,+500,700,,-334,334,"['-915', '591']",,
Takashi Sato,,-110,-110,-112,-113,,-112,-110,-110,-110,,Themba Gorimbo,,-110,-110,-112,-113,,-112,-110,-110,-110,,138,-138,"['-111', '-111']",,
Amir Albazi,,-125,-120,-125,-125,,-125,-125,-133,-125,,Kai Kara-France,,105,100,-103,-102,,-103,100,+100,105,,102,-102,"['-125', '25']",,
Alex Caceres,,-175,-170,-177,-186,,-177,-175,-175,-170,,Daniel Pineda,,145,145,135,144,,135,150,+130,145,,-206,206,"['-176', '141']",,
Jim Miller,,200,205,195,200,,+195,200,+200,210,,Ludovit Klein,,-250,-250,-265,-265,,-265,-250,-275,-250,,137,-137,"['201', '-259']",,
Guram Kutateladze,,-300,-300,-315,-320,,-315,-300,-275,-300,,Jamie Mullarkey,,240,240,235,235,,235,240,+200,240,,136,-136,"['-303', '233']",,
Andrei Arlovski,,-130,-115,-148,-142,,-148,-138,-150,-111,,Don'tale Mayes,,105,-105,112,112,,112,110,+110,-109,,188,-188,"['-135', '56']",,
John Castaneda,,-175,-175,-200,-188,,-200,-170,-188,-170,,Mateus Mendonca,,145,150,155,146,,155,140,+140,145,,137,-137,"['-183', '147']",,
Daniel Santos,,-200,-200,-215,-215,,-215,-210,-225,-200,,Johnny Munoz,,165,170,160,164,,160,175,+163,170,,115,-115,"['-210', '166']",,
Elise Reed,,-110,-110,-107,-102,,-107,100,+110,-115,,Jinh Yu Frey,,-110,-110,-121,-128,,-121,-125,-150,-105,,-133,133,"['-55', '-121']",,
Maxim Grishin,,-165,-165,-186,-174,,-186,-170,-175,-160,,Philipe Lins,,135,140,140,136,,140,140,+130,140,,113,-113,"['-173', '138']",,
Ilia Topuria,-155,-155,-175,-162,-162,,,-170,,-159,,Carla Esparza,+320,300,310,295,360,,295,300,+300,300,,-158,158,"['-163', '309']",,
Zhang Weili,-390,-400,-400,-385,-460,,-385,-400,-400,-400,,Dustin Poirier,-195,-225,-220,-235,-210,,-235,-222,,-190,,-104,104,"['-402', '-216']",,
Carla Esparza,320,300,310,295,360,,295,300,+300,300,,Zhang Weili,-390,-400,-400,-385,-460,,-385,-400,-400,-400,,158,-158,"['309', '-402']",,
Dustin Poirier,-195,-225,-220,-235,-210,,-235,-222,,-190,,Michael Chandler,165,180,180,180,176,,180,180,,165,,-438,438,"['-216', '176']",,
Belal Muhammad,,110,100,107,104,,+107,100,+100,105,,Gilbert Burns,,-135,-120,-132,-132,,-132,-125,-125,-125,,-144,144,"['104', '-128']",,
Aljamain Sterling,-120,-105,-105,-106,-111,,,-110,-105,-104,,Henry Cejudo,+100,-115,-115,-118,-115,,,-110,-120,-116,,-153,153,"['-108', '-89']",,
Jessica Andrade,,-200,-200,-210,-200,,-210,-175,-175,-200,,Xiaonan Yan,,165,170,165,154,,+165,150,+140,170,,-282,282,"['-196', '160']",,
Charles Jourdain,,-190,-180,-175,-200,,-175,-175,-188,-175,,Kron Gracie,,155,155,135,154,,+135,150,+150,150,,-214,214,"['-182', '148']",,
Drew Dober,,-225,-210,-210,-225,,-210,-225,-225,-210,,Matt Frevola,,180,175,165,172,,+165,188,+175,180,,-127,127,"['-218', '175']",,
Devin Clark,,165,160,165,142,,+165,163,+163,155,,Kennedy Nzechukwu,,-200,-190,-210,-184,,-210,-188,-200,-180,,135,-135,"['160', '-195']",,
Marina Rodriguez,,-140,-130,-136,-130,,-136,-138,-133,-143,,Virna Jandiroba,,115,110,110,102,,+110,110,+105,123,,-107,107,"['-136', '111']",,
Claudio Ribiero,,-175,-175,-175,-186,,-175,-175,-188,-175,,Joseph Holmes,,145,150,138,144,,+138,150,+150,150,,142,-142,"['-178', '146']",,
Ricky Simon,,-120,-125,-117,-125,,-117,-125,-120,-110,,Song Yadong,,100,105,-106,-102,,-106,100,-105,-110,,-125,125,"['-120', '-28']",,
Caio Borralho,,-375,-370,-375,-350,,-375,-351,-350,-374,,Michar Oleksiejczuk,,280,295,280,255,,+280,275,+270,309,,122,-122,"['-365', '280']",,
Cody Brundage,,200,200,188,200,,+188,200,+200,190,,Rodolfo Vieira,,-250,-240,-240,-265,,-240,-250,-250,-225,,121,-121,"['196', '-245']",,
Jake Collier,,-110,-110,-115,-113,,-115,-110,-110,-114,,Martin Buday,,-110,-110,-107,-113,,-107,-110,-110,-106,,318,-318,"['-112', '-109']",,
Charles Johnson,,-140,-140,-143,-156,,-143,-138,-150,-136,,Cody Durden,,115,115,116,122,,+116,110,+120,116,,136,-136,"['-143', '116']",,
Bryce Mitchell,,210,210,195,215,,+195,225,+175,220,,Movsar Evloev,,-275,-260,-265,-290,,-265,-275,-250,-260,,111,-111,"['206', '-268']",,
Curtis Blaydes,,-165,-175,-167,-174,,-167,-160,-175,-175,,Sergei Pavlovich,,140,150,135,136,,+135,130,+140,150,,132,-132,"['-170', '140']",,
Brad Tavares,,-160,-165,-165,-172,,-165,-170,-163,-155,,Bruno Silva,,130,140,125,134,,+125,140,+130,135,,108,-108,"['-164', '132']",,
Bobby Green,,-250,-260,-275,-265,,-275,-275,-275,-255,,Jared Gordon,,200,210,200,200,,+200,225,+210,215,,196,-196,"['-266', '208']",,
Brogan Walker,,275,270,245,255,,+245,250,+240,285,,Iasmin Lucindo,,-350,-340,-335,-350,,-335,-333,-333,-350,,386,-386,"['258', '-341']",,
Jeremiah Wells,,-115,-110,-114,-113,,-114,-110,-110,-114,,Matthew Semelsberger,,-105,-110,-114,-113,,-114,-110,-110,-106,,-143,143,"['-112', '-110']",,
Christos Giagos,,135,140,130,136,,+130,140,+140,124,,Ricky Glenn,,-165,-165,-167,-174,,-167,-170,-175,-144,,-116,116,"['134', '-166']",,
Montel Jackson,,-600,-600,-625,-670,,-625,-602,-599,-550,,Rani Yahya,,425,430,420,430,,+420,450,+425,420,,-216,216,"['-609', '428']",,
Karol Rosa,,100,-105,-103,-106,,-103,100,-105,-104,,Norma Dumont,,-120,-115,-127,-120,,-127,-125,-120,-116,,-164,164,"['-53', '-121']",,
Francis Marshall,,-210,-210,-215,-225,,-215,-210,-225,-200,,William Gomis,,170,175,160,172,,+160,175,+175,170,,125,-125,"['-214', '170']",,
Karine Silva,,-200,-200,-200,-196,,-200,-188,-188,-193,,Priscila Cachoeira,,165,165,155,152,,+155,163,+150,168,,-252,252,"['-196', '159']",,
Brady Hiestand,,120,125,110,118,,+110,110,+120,118,,Danaa Batgerel,,-145,-150,-143,-150,,-143,-138,-150,-138,,-141,141,"['116', '-145']",,
Billy Quarantillo,,-175,-180,-190,-192,,-190,-175,-188,-171,,Edson Barboza,,145,155,150,148,,+150,150,150,146,,-246,246,"['-183', '149']",,
Azamat Murzakanov,,140,125,130,136,,+130,163,140,136,,Dustin Jacoby,,-165,-150,-162,-174,,-162,-188,-175,-156,,-112,112,"['138', '-166']",,
Ion Curelaba,,-135,-125,-136,-136,,-136,-138,-133,-134,,Tanner Boser,,110,105,110,106,,+110,110,105,114,,-157,157,"['-134', '109']",,
Chris Gutierrez,,-225,-210,-215,-225,,-215,-200,-211,-205,,Pedro Munhoz,,180,175,170,172,,+170,170,160,175,,-293,293,"['-213', '172']",,
Clay Guida,,200,220,195,190,,+195,200,188,230,,Rafa Garcia,,-250,-270,-250,-250,,-250,-250,-250,-270,,277,-277,"['202', '-255']",,
Bill Algeo,,-210,-200,-200,-215,,-200,-188,-200,-185,,Tj Brown,,170,170,160,164,,+160,163,160,160,,134,-134,"['-200', '163']",,
Ed Herman,,175,185,170,190,,+170,188,175,186,,Zak Cummings,,-225,-225,-215,-250,,-215,-225,-225,-221,,179,-179,"['180', '-225']",,
Gillian Robertson,,-135,-120,-132,-125,,-132,-110,-125,-130,,Piera Rodriguez,,110,100,107,-102,,+107,-110,100,110,,-147,147,"['-126', '53']",,
Daniel Zellhuber,,-125,-125,-129,-130,,-129,-125,-125,-126,,Lando Vannata,,105,105,104,102,,+104,100,100,106,,-170,170,"['-127', '103']",,
Joselyne Edwards,,115,115,110,116,,+110,125,110,115,,Lucie Pudilova,,-140,-135,-137,-148,,-137,-150,-138,-135,,-125,125,"['114', '-140']",,
Jorge Masvidal,+360,360,350,370,360,,,350,+350,350,,Adrian Yanez,,-185,-190,-190,-200,,-190,-175,-175,-181,,284,-284,"['356', '-186']",,
Rob Font,,150,160,150,154,,+150,150,+140,156,,Kevin Holland,,-250,-260,-265,-265,,-265,-250,-250,-230,,216,-216,"['151', '-254']",,
Santiago Ponzinibbio,,200,210,205,200,,+205,200,+200,195,,Christian Rodriquez,,195,205,185,210,,185,200,+175,190,,158,-158,"['202', '193']",,
Raul Rosas Jr,,-250,-250,-235,-280,,-235,-250,-225,-225,,Chris Curtis,,100,105,106,108,,106,110,+100,115,,-494,494,"['-244', '106']",,
Kelvin Gastelum,,-120,-125,-132,-138,,-132,-138,-125,-135,,Luana Pinheiro,,-165,-175,-167,-178,,-167,-170,-163,-162,,195,-195,"['-131', '-168']",,
Joe Pyfer,,-200,-200,-200,-215,,-200,-188,-200,-190,,Cynthia Calvillo,,240,220,225,230,,225,225,+210,250,,-288,288,"['-199', '228']",,
Tanner Boser,,105,100,-105,-106,,-105,-125,-125,105,,Billy Quarantillo,,-165,-160,-157,-162,,-157,-160,-163,-164,,124,-124,"['-32', '-161']",,
Edson Barboza,,140,135,125,126,,+125,130,+120,144,,Azamat Murzakanov,,170,170,163,164,,163,163,+140,170,,267,-267,"['131', '163']",,
Dustin Jacoby,,-210,-200,-205,-215,,-205,-188,-188,-200,,Chris Gutierrez,,-225,-220,-215,-225,,-215,-220,-225,-208,,167,-167,"['-201', '-219']",,
Pedro Munhoz,,180,180,170,172,,+170,180,+163,178,,Bill Algeo,,-165,-160,-155,-160,,-155,-150,-150,-151,,133,-133,"['174', '-156']",,
Tj Brown,,135,135,123,124,,+123,125,+115,131,,Brandon Royval,,135,135,132,132,,132,140,+140,140,,120,-120,"['126', '136']",,
Denise Gomes,,190,190,188,190,,+188,180,+163,195,,Aaron Phillips,,155,155,143,144,,143,140,+140,155,,-294,294,"['186', '147']",,
Lando Vannata,,-105,-105,104,100,,+104,110,+105,-110,,Joselyne Edwards,,115,125,123,124,,123,150,+130,121,,144,-144,"['25', '126']",,
Israel Adesanya,-155,-135,-135,-143,-142,,-143,-138,-125,-135,,Brandon Moreno,-135,-140,-150,-136,-134,,-136,100,-125,-138,,165,-165,"['-139', '-110']",,
Gilbert Burns,-450,-450,-450,-480,-520,,,-450,-400,-450,,Jorge Masvidal,+360,340,350,350,350,,,350,300,350,,-305,305,"['-456', '344']",,
Adrian Yanez,,-185,-180,-177,-186,,-177,-175,-175,-182,,Rob Font,,150,155,140,144,,+140,150,138,157,,-146,146,"['-180', '147']",,
Kevin Holland,,-275,-280,-295,-310,,-295,-275,-300,-275,,Santiago Ponzinibbio,,220,230,225,230,,+225,225,230,235,,-253,253,"['-288', '228']",,
Christian Rodriquez,,210,190,185,186,,+185,200,180,195,,Raul Rosas Jr,,-275,-230,-235,-245,,-235,-250,-235,-230,,300,-300,"['191', '-242']",,
Chris Curtis,,-110,-115,-112,-115,,-112,-110,-110,-109,,Kelvin Gastelum,,-110,-105,-112,-111,,-112,-110,-110,-111,,-125,125,"['-112', '-110']",,
Luana Pinheiro,,-165,-175,-180,-188,,-180,-175,-188,-172,,Michelle Waterson,,140,150,143,146,,+143,150,140,147,,-225,225,"['-178', '145']",,
Chase Sherman,,-225,-230,-245,-220,,-245,-220,-250,-225,,Chris Barnett,,180,190,190,168,,+190,180,188,190,,-107,107,"['-232', '184']",,
Gerald Meerschaert,,150,155,155,154,,+155,163,163,145,,Joe Pyfer,,-185,-180,-195,-200,,-195,-188,-225,-170,,128,-128,"['155', '-192']",,
Shayilan Nuerdanbieke,,-225,-220,-230,-235,,-230,-225,-250,-205,,Steve Garcia,,180,180,180,180,,+180,188,175,175,,-140,140,"['-228', '180']",,
Cory Sandhagen,,-175,-170,-175,-174,,-175,-163,-163,-160,-158,Marlon Vera,,145,145,138,136,,+138,138,135,+130,138,-121,121,"['-168', '138']",,
Andrea Lee,,220,220,220,190,,+220,200,210,,220,Maycee Barber,,-275,-270,-286,-250,,-286,-250,-275,,-260,301,-301,"['212', '-269']",,
Austin Lingo,,190,175,175,200,,+175,180,175,,175,Nate Landwehr,,-250,-210,-220,-265,,-220,-220,-225,,-205,-137,137,"['181', '-227']",,
Alex Perez,,145,150,143,158,,+143,170,150,+170,150,Manel Kape,,-175,-175,-180,-205,,-180,-200,-188,-215,-175,-105,105,"['153', '-188']",,
Albert Duraev,,135,130,135,142,,+135,150,138,+155,128,Chidi Njokuani,,-165,-155,-167,-184,,-167,-175,-175,-185,-148,-155,155,"['139', '-169']",,
Daniel Pineda,,230,230,225,196,,+225,200,210,+180,245,Tucker Lutz,,-300,-280,-295,-260,,-295,-250,-275,-240,-285,166,-166,"['216', '-276']",,
C.J. Vergara,,-275,-250,-250,-280,,-250,-250,-250,-265,-240,Daniel da Silva,,210,205,195,210,,+195,200,200,+205,205,-232,232,"['-257', '203']",,
Lucas Alexander,,130,130,125,140,,+125,140,138,+140,126,Steven Peterson,,-165,-155,-157,-180,,-157,-170,-182,-170,-146,-136,136,"['133', '-165']",,
Preston Parsons,,-115,-110,-107,-113,,-107,-110,-111,-125,-105,Trevin Giles,,-105,-110,-117,-113,,-117,-110,-111,-105,-115,-123,123,"['-111', '-111']",,
Manuel Torres,,-145,-150,-148,-172,,-148,-170,-163,-195,-140,Trey Ogden,,120,125,118,134,,+118,140,130,+160,120,-189,189,"['-159', '129']",,
Li Jingliang,,140,135,125,132,,+125,130,110,,140,Michael Chiesa,,-165,-165,-157,-170,,-157,-160,-150,,-160,178,-178,"['130', '-160']",,
Ignacio Bahamondes,,-275,-250,-250,-280,,-250,-250,-275,,-240,Nikolas Motta,,210,205,195,210,,+195,200,200,,205,-240,240,"['-259', '202']",,
Kamaru Usman,-245,-250,-280,-250,-260,,,-250,-235,-235,-250,Leon Edwards,+205,+200,230,195,196,,,200,190,195,210,243,-243,"['-251', '202']",,
Justin Gaethje,,+175,190,190,186,,+190,188,180,195,185,Rafael Fiziev,,-225,-230,-245,-245,,-245,-225,-225,-235,-220,219,-219,"['187', '-233']",,
Bryan Barberena,,+280,290,310,300,,+310,300,300,305,280,Gunnar Nelson,,-375,-370,-420,-430,,-420,-400,-400,-365,-355,132,-132,"['297', '-393']",,
Marvin Vettori,,-275,-280,-715,-295,,-275,-275,-275,-270,-270,Roman Dolidze,,+210,230,460,220,,+210,225,210,230,230,-229,229,"['-326', '247']",,
Casey O'Neill,,-185,-175,-177,-184,,-177,-175,-175,-175,-181,Jennifer Maia,,+150,150,140,142,,+140,150,138,155,156,-252,252,"['-178', '147']",,
Jack Shore,,-550,-500,-500,-620,,-500,-500,-500,-490,-500,Makwan Amirkhani,,+390,380,370,400,,+370,380,350,390,375,-316,316,"['-518', '378']",,
Jake Hadley,,-400,-400,-385,-350,,-385,-351,-400,-310,-400,Malcolm Gordon,,+300,310,295,255,,+295,275,285,255,300,-142,142,"['-376', '286']",,
Jai Herbert,,+165,160,143,136,,+143,150,150,140,168,Rudovit Klein,,-210,-190,-180,-174,,-180,-175,-188,-160,-193,194,-194,"['151', '-183']",,
Juliana Miller,,-500,-440,-455,-460,,-455,-400,-450,-420,-450,Veronica Macedo,,+360,350,340,320,,+340,300,320,335,350,-167,167,"['-448', '335']",,
Brogan Walker,,,-360,-375,-400,,-375,-351,-400,-365,-330,Liang Na,,,280,275,285,,+275,275,275,275,270,161,-161,"['-370', '276']",,
Benson Henderson,,850,1000,850,1080,,,925,+800,1100,1000,Usman Nurmagomedov,,-1600,-2000,-2500,-1800,,,-1613,-1786,-2000,-2000,577,-577,"['951', '-1912']",,
Enrique Barzola,,-275,-270,-286,-280,,,-280,-333,-280,-275,Erik Perez,,220,220,205,215,,,220,+240,220,215,-105,105,"['-285', '219']",,
Merab Dvalishvili,,210,205,200,210,,+200,225,+210,215,225,Petr Yan,,-275,-250,-265,-280,,-265,-275,-275,-255,-265,-154,154,"['211', '-267']",,
Nikita Krylov,,-165,-170,-180,-170,,-180,-175,-175,-167,-167,Ryan Spann,,140,145,143,132,,+143,150,+145,147,147,-101,101,"['-172', '144']",,
Alexander Volkov,,125,130,135,128,,+135,130,,130,130,Alexandr Romanov,,-150,-155,-167,-164,,-167,-160,,-150,-150,117,-117,"['130', '-158']",,
Jonathan Martinez,,210,200,205,190,,+205,200,+195,205,215,Said Nurmagomedov,,-275,-240,-265,-250,,-265,-250,-235,-245,-255,132,-132,"['203', '-253']",,
Austin Lingo,,260,280,290,285,,+290,275,+300,295,285,Ricardo Ramos,,-350,-360,-385,-400,,-385,-351,-400,-355,-350,170,-170,"['284', '-371']",,
Ariane Lipski,,310,300,330,285,,+330,300,+300,315,300,Jj Aldrich,,-400,-380,-435,-400,,-435,-400,-400,-380,-400,151,-151,"['308', '-403']",,
Guido Cannetti,,650,650,650,600,,+650,600,+650,650,650,Mario Bautista,,-1100,-1000,-1000,-1100,,-1000,-1000,-1099,-1000,-950,473,-473,"['639', '-1028']",,
Davey Grant,,-140,-140,-139,-156,,-139,-138,-150,-140,-133,Raphael Assuncao,,115,110,112,122,,+112,110,+120,120,113,-178,178,"['-142', '115']",,
Tony Gravely,,115,120,116,124,,+116,125,+110,125,119,Victor Henry,,-140,-140,-143,-158,,-143,-150,-138,-145,-139,-203,203,"['119', '-144']",,
Ciryl Gane,+135,140,145,145,130,,,140,130,140,145,Jon Jones,-155,-165,-170,-175,-166,,,-170,-163,-160,-170,-275,275,"['139', '-166']",,
Geoff Neal,+400,380,400,390,390,,,400,350,400,375,Shavkat Rakhmonov,-500,-550,-550,-530,-590,,,-552,-500,-500,-500,195,-195,"['387', '-530']",,
Jalin Turner,+145,175,180,180,172,,+180,175,175,175,170,Mateusz Gamrot,-170,-225,-220,-230,-225,,-230,-210,-225,-210,-200,102,-102,"['173', '-214']",,
Cody Garbrandt,-165,-175,-180,-177,-178,,-177,-170,-163,-175,-175,Trevin Jones,+140,145,155,140,138,,+140,140,130,155,150,-101,101,"['-174', '143']",,
Alexa Grasso,+450,475,550,550,450,,,450,450,575,550,Valentina Shevchenko,-600,-700,-800,-835,-720,,,-704,-649,-850,-800,102,-102,"['500', '-740']",,
Derek Brunson,+200,200,190,188,190,,,200,185,185,195,Dricus Du Plessis,-240,-250,-230,-240,-250,,,-250,-235,-225,-230,158,-158,"['193', '-239']",,
Amanda Ribas,-130,-125,-120,-125,-128,,-125,-125,-125,-122,-124,Viviane Araujo,+110,105,100,102,100,,+102,100,-105,102,104,-220,220,"['-125', '82']",,
Julian Marquez,+105,125,125,125,124,,+125,130,130,127,125,Marc-Andre Barriault,-125,-150,-150,-157,-160,,-157,-160,-163,-147,-145,-111,111,"['124', '-151']",,
Ian Garry,,-750,-700,-770,-850,,-770,-800,-649,-750,-800,Kenan Song,,500,475,525,500,,+525,550,450,525,550,-220,220,"['-760', '511']",,
Jessica Penne,+195,240,240,245,250,,+245,240,210,255,250,Tabatha Ricci,-230,-300,-300,-315,-340,,-315,-300,-275,-310,-300,238,-238,"['237', '-298']",,
Darmon Blackshear,+330,340,360,360,340,,+360,350,350,365,350,Farid Basharat,-410,-450,-480,-480,-500,,-480,-450,-500,-460,-450,151,-151,"['350', '-466']",,
Abubakar Nurmagomedov,,120,120,116,122,,+116,125,105,117,122,Carlston Harris,,-145,-140,-143,-144,,-143,-150,-138,-137,-142,141,-141,"['118', '-142']",,
Andre Muniz,-205,-225,-220,-230,-250,,-230,-220,-225,-230,-230,Brendan Allen,+175,185,180,180,190,,+180,180,175,190,195,147,-147,"['-226', '183']",,
Augusto Sakai,-135,-140,-135,-137,-138,,-137,-138,-138,-135,-127,Don'tale Mayes,+115,115,115,110,108,,+110,110,110,115,107,108,-108,"['-136', '112']",,
Montana de La Rosa,+550,550,550,525,500,,+525,550,500,525,550,Tatiana Suarez,-750,-800,-800,-770,-850,,-770,-800,-800,-750,-800,-103,103,"['532', '-789']",,
Mike Malott,-215,-225,-220,-220,-245,,-220,-220,-225,-220,-210,Yohan Lainesse,+185,175,180,170,186,,+170,180,175,180,180,-141,141,"['-222', '178']",,
Charles Johnson.,-170,-160,-160,-165,-166,,-165,-160,-175,-152,-148,Ode' Osbourne,+145,130,130,132,130,,+132,130,140,132,128,102,-102,"['-162', '133']",,
Erin Blanchfield,115,115,115,110,116,,+110,110,120,115,109,Jessica Andrade,-135,-140,-135,-136,-148,,-136,-138,-150,-135,-129,-214,214,"['114', '-138']",,
Jordan Wright,230,225,210,220,230,,+220,225,210,230,230,Zac Pauga,-275,-275,-270,-286,-310,,-286,-275,-275,-270,-270,211,-211,"['223', '-279']",,
Marcin Prachnio,-105,100,100,-105,-108,,-105,100,-105,-103,100,William Knight,-115,-120,-120,-118,-118,,-118,-125,-120,-117,-120,118,-118,"['-23', '-119']",,
Lina Lansberg,380,360,360,340,350,,+340,380,333,385,375,Mayra Bueno Silva,-475,-500,-470,-455,-520,,-455,-500,-450,-485,-500,198,-198,"['360', '-481']",,
Ovince St. Preux,175,175,185,170,176,,+170,175,175,175,175,Philipe Lins,-205,-225,-225,-215,-230,,-215,-210,-225,-210,-205,-126,126,"['175', '-216']",,
Josh Emmett,160,150,155,143,152,,+143,,138,160,160,Yair Rodriguez,-190,-185,-180,-180,-196,,-180,,-175,-185,-185,111,-111,"['151', '-184']",,
Jack Della Maddalena,-325,-350,-330,-910,-350,,-345,,-333,-330,-300,Randy Brown,270,260,260,575,255,,+265,,250,270,250,-132,132,"['-397', '295']",,
Justin Tafa,-125,-125,-125,-130,-128,,-130,,-133,-125,-125,Parker Porter,105,105,105,105,100,,+105,,105,105,105,-102,102,"['-127', '104']",,
Alonzo Menifield,160,150,160,155,154,,+155,,150,160,165,Jimmy Crute,-190,-185,-190,-195,-200,,-195,,-188,-185,-190,181,-181,"['157', '-191']",,
Modestas Bukauskas,200,200,200,195,210,,+195,,200,200,197,Tyson Pedro,-240,-250,-240,-250,-280,,-250,,-250,-240,-232,134,-134,"['200', '-248']",,
Joshua Culibao,-105,-115,-110,-112,-111,,-112,,-120,-105,-105,Melsik Baghdasaryan,-115,-105,-110,-112,-115,,-112,,-105,-115,-115,-107,107,"['-111', '-112']",,
Elise Reed,240,230,230,225,220,,+225,,210,235,245,Loma Lookboonmee,-285,-300,-280,-295,-295,,-295,,-275,-275,-285,258,-258,"['229', '-287']",,
Derrick Lewis,185,180,190,185,188,,+185,,175,190,195,Serghei Spivac,-215,-225,-230,-235,-225,,-235,,-225,-230,-230,232,-232,"['186', '-228']",,
Da Un Jung,-215,-250,-230,-265,-235,,-265,,-250,-220,-212,Devin Clark,185,200,190,205,194,,+205,,175,180,182,-118,118,"['-238', '191']",,
Blagoy Ivanov,130,145,130,125,138,,+125,,140,130,132,Marcin Tybura,-150,-175,-155,-157,-164,,-157,,-188,-150,-152,102,-102,"['133', '-161']",,
Ji Yeon Kim,-275,-300,-270,-315,-270,,-315,,-275,-265,-291,Mandy Bohm,230,240,220,240,220,,+240,,200,225,251,-115,115,"['-286', '230']",,
Denis Tiuliulin,165,165,175,163,168,,+163,,150,165,170,Jun Yong Park,-195,-200,-210,-205,-200,,-205,,-200,-190,-200,163,-163,"['165', '-201']",,
Glover Teixeira,120,115,115,105,104,,105,+100,105,120,120,Jamahal Hill,-140,-140,-135,-130,-132,,-130,-125,-133,-140,-140,148,-148,"['111', '-134']",,
Gilbert Burns,-475,-500,-500,-455,-500,,-455,-351,-450,-470,-475,Neil Magny,380,360,380,335,340,,335,+275,333,375,375,185,-185,"['-463', '349']",,
Jessica Andrade,-460,-500,-500,-500,-530,,-500,-500,-500,-470,-465,Lauren Murphy,370,360,380,370,360,,370,+380,350,375,365,-270,270,"['-492', '368']",,
Johnny Walker,-190,-190,-190,-200,-210,,-200,-175,-188,-190,-200,Paul Craig,160,155,160,155,162,,155,+150,150,165,170,161,-161,"['-193', '158']",,
Ihor Potieria,-205,-225,-220,-225,-230,,-225,-225,-250,-210,-205,Mauricio Rua,175,175,180,175,176,,175,+188,175,175,175,-215,215,"['-222', '177']",,
Jailton Almeida,-900,-1100,-1000,-1115,-1100,,-1115,-1205,-1000,-900,-900,Shamil Abdurakhimov,625,650,650,650,600,,650,+700,500,600,600,-445,445,"['-1034', '622']",,
Nicolas Dalby,105,105,105,102,102,,102,-150,-105,102,108,Warlley Alves,-125,-125,-125,-127,-130,,-127,+125,-120,-122,-128,135,-135,"['58', '-100']",,
Josiane Nunes,-500,-500,-550,-560,-620,,-560,,-549,-500,-500,Zarah Fairn,400,360,400,410,400,,410,,400,400,375,-565,565,"['-538', '395']",,
Brandon Moreno,-125,-120,-120,-117,-130,,-117,+100,-125,-125,-123,Deiveson Figueiredo,105,100,100,-107,102,,-107,-125,100,105,103,124,-124,"['-100', '38']",,
Nassourdine Imavov,-115,-110,-110,-115,-113,,-115,-110,-125,-110,-110,Sean Strickland,-105,-110,-110,-107,-113,,-107,-110,-105,-110,-110,127,-127,"['-113', '-109']",,
Damon Jackson,105,105,100,-103,100,,-103,100,-105,100,-104,Dan Ige,-125,-125,-120,-122,-128,,-122,-125,-120,-120,-116,132,-132,"['20', '-122']",,
Punahele Soriano,-155,-160,-160,-162,-164,,-162,-160,-150,-152,-155,Roman Kopylov,135,130,135,130,128,,130,130,120,132,135,-156,156,"['-158', '130']",,
Ketlen Vieira,-120,-115,-130,-127,-128,,-127,-125,-120,-122,-125,Raquel Pennington,100,-105,110,102,100,,102,100,-105,102,105,146,-146,"['-124', '61']",,
Raoni Barcelos,650,600,600,600,520,,600,500,500,650,700,Umar Nurmagomedov,-950,-900,-900,-910,-900,,-910,-704,-800,-1000,-1000,338,-338,"['592', '-897']",,
Allan Nascimento,-330,-375,-360,-360,-390,,-360,-351,-350,-325,-330,Carlos Hernandez,275,280,280,270,280,,270,275,260,265,270,141,-141,"['-353', '272']",,
Charles Johnson,-340,-350,-340,-385,-390,,-385,-400,-333,-345,-330,Jimmy Flick,280,260,270,295,280,,295,300,250,285,270,-134,134,"['-360', '278']",,
Priscila Cachoeira,200,200,200,205,200,,205,200,185,205,210,Sijara Eubanks,-240,-250,-240,-265,-265,,-265,-250,-235,-245,-245,137,-137,"['201', '-250']",,
Kelvin Gastelum,175,170,175,163,176,,+163,170,170,+175,170,Nassourdine Imavov,-205,-210,-210,-205,-210,,-205,-200,-211,-210,-200,276,-276,"['171', '-207']",,
Jan Brachowicz,280,260,270,270,+270,,+270,275,250,305,290,Magomed Ankalaev,-340,-350,-340,-360,-355,,-360,-351,-333,-335,-355,463,-463,"['274', '-348']",0,
Jared Gordon,210,220,210,205,+210,,+205,225,210,220,205,Paddy Pimblett,-250,-275,-260,-265,-265,,-265,-275,-275,-240,-240,-116,116,"['212', '-261']",0,
Alex Morono,145,150,150,150,+152,,+150,150,150,155,151,Santiago Ponzinibbio,-170,-185,-175,-190,-188,,-190,-175,-188,-165,-176,-234,234,"['150', '-180']",0,
Darren Till,155,155,155,160,+152,,+160,163,150,162,145,Dricus Du Plessis,-180,-190,-180,-200,-188,,-200,-188,-188,-172,-170,192,-192,"['156', '-186']",1,
Chris Daukaus,150,145,150,145,+148,,+145,140,140,155,144,Jairzinho Rozenstruik,-175,-175,-175,-182,-184,,-182,-170,-175,-165,-164,105,-105,"['146', '-175']",1,
Dalcha Lungiambula,270,250,250,245,+235,,+245,240,210,280,260,Edmen Shahbazyan,-325,-300,-310,-315,-300,,-315,-300,-275,-310,-310,286,-286,"['248', '-306']",1,
Chris Curtis,140,135,140,138,+138,,+138,140,130,155,146,Joaquin Buckley,-165,-165,-165,-175,-170,,-175,-170,-163,-165,-171,116,-116,"['140', '-168']",0,
Alexander Hernandez,145,140,140,140,+142,,+140,140,140,160,143,Billy Quarantillo,-170,-165,-165,-175,-176,,-175,-170,-175,-170,-163,131,-131,"['143', '-170']",1,
Erik Silva,-110,-115,-110,-112,-112,,,-110,-110,100,-102,T.J. Brown,-110,-105,-110,-112,-108,,,-110,-110,-110,-118,265,-265,"['-87', '-110']",1,
Cheyanne Vlismas,-190,-165,-180,-180,-168,,,-175,-188,-185,-190,Cory McKenna,160,140,155,143,+142,,,150,140,160,165,170,-170,"['-180', '151']",1,
Jared Cannonier,-105,105,100,102,+100,,+102,100,100,105,109,Sean Strickland,-115,-125,-120,-127,-118,,-127,-125,-125,-125,-129,304,-304,"['82', '-124']",0,
Arman Tsarukyan,-170,-175,-165,-167,-166,,-167,-170,-175,-165,-160,Damir Ismagulov,145,145,140,133,+140,,+133,140,140,145,140,-147,147,"['-168', '140']",1,
Alex Caceres,160,145,155,140,+150,,+140,150,140,160,165,Julian Erosa,-190,-175,-180,-177,-178,,-177,-175,-188,-185,-190,-100,100,"['150', '-182']",1,
Bobby Green,135,135,140,132,+140,,+132,138,120,135,130,Drew Dober,-155,-165,-165,-165,-166,,-165,-163,-163,-155,-150,144,-144,"['134', '-161']",1,
Maheshate,100,100,105,102,+100,,+102,100,105,100,100,Rafa Garcia,-120,-120,-125,-125,-118,,-125,-125,-138,-120,-120,-128,128,"['101', '-124']",0,
Jake Matthews,-240,-250,-240,-250,-240,,-250,-225,-250,-240,-235,Matthew Semelsberger,200,200,200,195,+198,,+195,188,175,200,200,-164,164,"['-242', '195']",0,
Said Nurmagomedov,-120,-110,-120,-117,-116,,-117,-110,-110,-120,-117,Saidyokub Kakhramonov,100,-110,100,-107,-102,,-107,-110,-120,100,-103,113,-113,"['-116', '-46']",0,
David Dvorak,200,185,200,180,,,+180,200,180,200,200,Manel Kape,-240,-225,-240,-230,,,-230,-250,-225,-240,-235,-113,113,"['192', '-235']",0,
Journey Newson,190,200,200,195,+210,,+195,188,200,190,190,Sergey Morozov,-225,-250,-240,-250,-255,,-250,-225,-275,-230,-225,208,-208,"['196', '-242']",1,
Bryce Mitchell,125,130,130,125,+126,,,130,138,135,131,Ilia Topuria,-145,-155,-155,-155,-154,,,-160,-163,-145,-151,105,-105,"['130', '-154']",1,
Kevin Holland,-175,-185,-180,-195,-184,,-195,-189,-200,,-183,Stephen Thompson,150,150,155,155,148,,155,162,163,,158,-570,570,"['-187', '155']",0,
Bryan Barberena,410,400,400,390,410,,390,400,400,,375,Rafael Dos Anjos,-520,-550,-550,-560,-590,,-560,-556,-549,,-500,128,-128,"['397', '-548']",1,
Sergei Pavlovich,-205,-225,-220,-220,-210,,-220,-213,-225,,-200,Tai Tuivasa,175,180,180,170,168,,170,175,175,,170,-164,164,"['-215', '174']",1,
Jack Hermansson,-195,-210,-190,-200,-194,,-200,-189,-188,,-200,Roman Dolidze,165,165,160,160,156,,160,162,150,,170,-166,166,"['-196', '161']",0,
Eryk Anders,195,185,180,175,172,,175,180,175,,194,Kyle Daukaus,-230,-225,-220,-225,-215,,-225,-222,-225,,-229,114,-114,"['181', '-224']",0,
Niko Price,-120,-125,-125,-130,-128,,-130,-125,-125,,-125,Phil Rowe,100,105,105,106,104,,106,100,100,,105,102,-102,"['-126', '103']",1,
Angela Hill,110,110,110,115,116,,115,100,110,,120,Emily Ducote,-130,-130,-130,-143,-142,,-143,-125,-138,,-140,154,-154,"['112', '-136']",0,
Clay Guida,170,165,175,143,160,,143,150,150,,165,Scott Holtzman,-200,-200,-210,-180,-200,,-180,-175,-188,,-190,132,-132,"['158', '-191']",0,
Marc Diakiese,-330,-350,-340,-335,-385,,-335,-357,-333,,-335,Michael Johnson,275,275,270,255,290,,255,275,220,,275,-425,425,"['-344', '266']",0,
Darren Elkins,370,360,380,360,380,,360,380,350,,400,Jonathan Pearce,-460,-500,-500,-480,-490,,-480,-500,-549,,-550,304,-304,"['371', '-501']",1,
Genaro Valdez,170,175,175,160,160,,160,170,163,,171,Nathan Levy,-200,-210,-210,-200,-190,,-200,-200,-211,,-201,655,-655,"['167', '-202']",1,
Istela Nunes,275,275,260,265,250,,265,275,260,,285,Yazmin Jauregui,-330,-350,-330,-345,-310,,-345,-357,-350,,-350,281,-281,"['268', '-341']",1,
Alex Pereira,185,180,180,170,194,,170,175,175,,191,Israel Adesanya,-215,-225,-220,-215,-245,,-215,-213,-225,,-226,118,-118,"['180', '-222']",0,
Chris Gutierrez,-240,-250,-230,-250,-250,,-230,-222,-250,,-245,Frankie Edgar,200,200,190,200,198,,180,180,200,,210,-362,362,"['-241', '195']",1,
Claudio Puelles,125,120,125,130,134,,130,130,120,,119,Dan Hooker,-145,-145,-150,-162,-164,,-162,-161,-150,,-139,-184,184,"['126', '-153']",0,
Brad Riddell,105,100,105,-103,102,,-103,100,110,,103,Renato Moicano,-125,-120,-125,-121,-124,,-121,-125,-138,,-123,-183,183,"['58', '-125']",0,
Dominick Reyes,-210,-225,-220,-230,-225,,-230,-222,-225,,-220,Ryan Spann,180,180,180,180,180,,180,180,175,,185,126,-126,"['-223', '180']",1,
Erin Blanchfield,-390,-400,-400,-400,-450,,-400,-400,-400,,-410,Molly McCann,320,300,310,300,330,,300,300,300,,310,-249,249,"['-406', '308']",1,
Andre Petroski,-195,-200,-200,-205,-192,,-205,-200,-200,,-190,Wellington Turman,165,160,170,163,154,,163,170,163,,165,-152,152,"['-199', '164']",1,
Matt Frevola,135,130,130,135,124,,135,125,120,,132,Ottman Azaitar,-155,-155,-155,-167,-152,,-167,-152,-150,,-152,102,-102,"['130', '-156']",0,
Karolina Kowalkiewicz,-110,-115,100,-107,-112,,-107,-111,-110,,-110,Silvana Gomez Juarez,-110,-105,-120,-115,-108,,-115,-111,-110,,-110,104,-104,"['-87', '-112']",0,
Michael Trizano,150,145,155,150,144,,150,150,140,,151,Seung Woo Choi,-175,-175,-180,-190,-178,,-190,-175,-175,,-176,115,-115,"['148', '-179']",0,
Julio Arce,175,165,175,160,168,,160,162,175,,174,Montel Jackson,-205,-210,-210,-200,-210,,-200,-189,-225,,-204,173,-173,"['168', '-206']",1,
Carlos Ulberg,-130,-130,-130,-132,-134,,-132,-139,-138,,-137,Nicolae Negumereanu,110,110,110,106,110,,106,110,110,,117,125,-125,"['-134', '110']",0,
Andre Fialho,110,115,110,112,114,,112,110,105,,105,Muslim Salikhov,-130,-140,-130,-137,-134,,-137,-139,-138,,-125,126,-126,"['110', '-134']",1,
Jennifer Maia,150,150,150,143,146,,143,150,140,,149,Maryna Moroz,-175,-185,-175,-180,-174,,-180,-175,-188,,-174,129,-129,"['147', '-178']",0,
Ion Curelaba,145,135,145,138,142,,138,140,140,,145,Kennedy Nzechukwu,-170,-165,-170,-175,-168,,-175,-172,-188,,-170,-138,138,"['141', '-173']",0,
Kevin Natividad,135,125,125,123,132,,123,125,110,,135,Ricky Turcios,-155,-150,-150,-155,-156,,-155,-152,-150,,-155,149,-149,"['126', '-153']",1,
Charles Johnson,-165,-165,-165,-165,-172,,-165,-164,-175,,-160,Zhalgas Zhumagulov,140,135,140,132,144,,132,137,130,,140,-147,147,"['-166', '137']",1,
Brady Hiestand,-155,-150,-150,-155,-148,,-155,-152,-150,,-156,Fernie Garcia,135,125,125,123,126,,123,125,110,,126,-129,129,"['-152', '124']",1,
Maria Oliveira,-120,-120,-125,-124,-122,,-124,-125,-120,,-120,Vanessa Demopoulos,100,100,105,100,104,,100,100,-110,,100,-151,151,"['-122', '78']",0,
Glover Teixeira,175,175,170,160,168,,160,170,175,,194,Jiri Prochazka,-205,-225,-200,-200,-200,,-200,-200,-225,,-229,267,-267,"['172', '-209']",1,
Amanda Lemos,190,180,175,175,186,,175,180,175,,188,Marina Rodriguez,-225,-225,-210,-225,-245,,-225,-222,-225,,-223,136,-136,"['180', '-225']",0,
Daniel Rodriguez,105,-105,100,100,-102,,100,100,100,,-102,Neil Magny,-125,-115,-120,-125,-125,,-125,-125,-125,,-118,-116,116,"['33', '-123']",0,
Nate Maness,185,190,175,180,190,,180,187,163,,192,Tagir Ulanbekov,-215,-225,-210,-235,-250,,-235,-227,-225,,-227,143,-143,"['182', '-228']",1,
Grant Dawson,-200,-225,-220,-225,-245,,-225,-222,-225,,-230,Mark O. Madsen,170,190,180,175,186,,175,180,175,,195,-572,572,"['-224', '181']",1,
Darrick Minner,180,165,180,175,180,,175,175,175,,180,Shayilan Nuerdanbieke,-210,-210,-220,-225,-235,,-225,-213,-225,,-210,223,-223,"['176', '-219']",1,
Miranda Maverick,-675,-700,-650,-715,-770,,-715,-714,-649,,-725,Shanna Young,500,475,475,510,480,,510,500,450,,525,-301,301,"['-701', '492']",1,
Benito Lopez,285,250,240,240,250,,240,250,250,,295,Mario Bautista,-345,-300,-300,-315,-340,,-315,-333,-333,,-360,150,-150,"['256', '-327']",1,
Jinh Yu Frey,120,120,125,116,114,,116,110,110,,121,Polyana Viana,-140,-145,-150,-143,-146,,-143,-139,-138,,-141,176,-176,"['117', '-143']",1,
Carlos Candelario,220,220,220,215,220,,215,225,210,,225,Jake Hadley,-260,-275,-270,-278,-295,,-278,-278,-275,,-265,154,-154,"['219', '-275']",1,
Arnold Allen,110,105,105,102,110,,102,100,100,,111,Calvin Kattar,-130,-130,-125,-125,-130,,-125,-125,-125,,-131,-163,163,"['105', '-127']",1,
Dustin Jacoby,-165,-185,-170,-175,-168,,-175,-172,-188,,-155,Khalil Rountree Jr.,140,150,145,138,142,,138,140,140,,135,-174,174,"['-173', '141']",0,
Max Griffin,-190,-185,-180,-182,-184,,-182,-175,-188,,-186,Tim Means,160,150,155,145,154,,145,150,140,,161,120,-120,"['-184', '151']",0,
Josh Fremd,-190,-175,-175,-177,-174,,-177,-172,-188,,-200,Tresean Gore,160,145,150,140,146,,140,140,140,,170,-101,101,"['-181', '148']",0,
Chase Hooper,-210,-225,-220,-230,-210,,-230,-213,-222,,-211,Steve Garcia,180,180,180,180,176,,180,175,170,,181,-186,186,"['-219', '178']",0,
Joseph Holmes,200,190,190,195,188,,195,187,175,,209,Jun Yong Park,-240,-250,-230,-250,-225,,-250,-227,-250,,-244,-108,108,"['192', '-241']",0,
Charles Oliveira,165,145,160,143,148,,143,130,140,+185,173,Islam Makhachev,-195,-175,-190,-177,-184,,-177,-161,-175,-245,-203,102,-102,"['153', '-188']",1,
Petr Yan,-275,-275,-280,-286,-260,,-286,-250,-250,-435,-280,Sean Omalley,230,220,230,225,205,,225,200,200,+325,240,-173,173,"['-288', '230']",0,
Beneil Dariush,180,160,180,160,172,,160,170,150,,185,Mateusz Gamrot,-210,-200,-220,-200,-215,,-200,-200,-188,,-220,-108,108,"['169', '-206']",1,
Belal Muhammad,120,115,120,123,118,,123,110,110,+100,123,Sean Brady,-140,-140,-140,-152,-144,,-152,-139,-138,-130,-143,115,-115,"['116', '-142']",0,
Katlyn Chookagian,185,190,180,175,194,,175,187,175,,185,Manon Fiorot,-215,-250,-220,-225,-245,,-225,-227,-225,,-220,146,-146,"['183', '-228']",1,
Caio Borralho,-205,-210,-210,-215,-230,,-215,-222,-225,,-210,Makhmud Muradov,175,165,175,170,184,,170,180,175,,180,-103,103,"['-216', '175']",1,
Nikita Krylov,-175,-185,-170,-180,-188,,-180,-172,-188,,-177,Volkan Oezdemir,150,150,145,143,152,,143,140,150,,152,252,-252,"['-179', '147']",0,
Abubakar Nurmagomedov,-165,-165,-165,-175,-176,,-175,-172,-175,,-157,Gadzhi Omargadzhiev,140,135,140,140,142,,140,140,140,,137,131,-131,"['-169', '139']",0,
A.J. Dobson,170,165,180,165,180,,165,175,175,,170,Armen Petrosyan,-200,-210,-220,-210,-225,,-210,-213,-225,,-200,202,-202,"['172', '-213']",1,
Malcolm Gordon,750,775,800,750,880,,750,700,800,,850,Muhammad Mokaev,-1150,-1400,-1400,-1250,-1800,,-1250,-1250,-1205,,-1300,334,-334,"['784', '-1334']",1,
Karol Rosa,-345,-350,-360,-345,-400,,-345,-357,-333,,-375,Lina Lansberg,285,275,280,260,300,,260,275,250,,310,-384,384,"['-357', '277']",1,
Aljamain Sterling,-175,-165,-170,-175,-172,,-175,-172,-175,-150,-175,Tj Dillashaw,150,135,145,138,140,,138,140,140,+130,150,-273,273,"['-170', '141']",1,
Alexa Grasso,-225,-250,-230,-230,-230,,-230,-250,-225,,-214,Viviane Araujo,190,190,190,180,184,,180,200,175,,184,-185,185,"['-232', '186']",1,
Cub Swanson,190,175,175,175,172,,175,175,180,,178,Jonathan Martinez,-225,-225,-210,-220,-215,,-220,-213,-225,,-208,251,-251,"['177', '-218']",1,
Durko Todorovir,-225,-225,-210,-220,-198,,-220,-213,-225,,-215,Jordan Wright,190,175,175,170,166,,170,175,175,,185,-274,274,"['-217', '176']",1,
Alonzo Menifield,-190,-200,-200,-220,-210,,-220,-222,-225,,-186,Misha Cirkunov,160,165,170,170,176,,170,180,175,,161,138,-138,"['-208', '170']",0,
Raphael Assuncao,330,300,310,300,290,,300,300,300,,320,Victor Henry,-410,-400,-400,-400,-360,,-400,-400,-400,,-420,171,-171,"['306', '-399']",0,
Brandon Davis,130,135,130,130,136,,130,137,130,,129,Mana Martinez,-150,-165,-155,-162,-162,,-162,-164,-163,,-149,133,-133,"['132', '-159']",1,
Jacob Malkoun,120,115,115,110,112,,110,110,110,,117,Nick Maximov,-140,-140,-135,-136,-132,,-136,-139,-138,,-137,121,-121,"['113', '-137']",0,
Piera Rodriguez,-180,-175,-180,-167,-168,,-167,-172,-175,,-180,Sam Hughes,155,145,155,135,142,,135,140,140,,155,-135,135,"['-174', '145']",1,
C.J. Vergara,230,210,240,200,198,,200,225,210,,255,Tatsuro Taira,-275,-275,-300,-265,-240,,-265,-278,-275,,-305,319,-319,"['219', '-275']",1,
Mike Jackson,500,475,500,510,520,,510,500,500,,525,Pete Rodriguez,-675,-700,-700,-715,-720,,-715,-714,-800,,-725,-120,120,"['504', '-718']",0,
Mackenzie Dern,-240,-250,-240,-250,-250,,-250,-250,-250,,-235,Yan Xiaonan.,200,200,200,200,198,,200,200,200,,200,-273,273,"['-246', '200']",0,
Francisco Trinaldo,265,260,260,260,250,,260,240,250,,271,Randy Brown,-320,-350,-330,-335,-325,,-335,-303,-333,,-331,224,-224,"['257', '-329']",1,
Raoni Barcelos,-250,-250,-240,-250,-220,,-250,-250,-250,,-240,Trevin Jones,210,200,200,200,176,,200,200,200,,205,-113,113,"['-244', '199']",1,
Daniel Santos,175,160,160,155,148,,155,162,150,,168,John Castaneda,-205,-190,-190,-195,-184,,-195,-189,-188,,-193,136,-136,"['159', '-192']",0,
Mike Davis,-170,-185,-190,-190,-192,,-190,-175,-188,,-181,Viacheslav Borshchev,145,155,160,150,154,,150,150,150,,156,-108,108,"['-185', '152']",1,
Jesse Ronson,115,115,120,116,124,,116,125,110,,110,Joaquim Silva,-135,-140,-140,-143,-152,,-143,-152,-138,,-130,118,-118,"['117', '-141']",1,
Brendan Allen,110,100,105,100,-105,,100,100,100,,102,Krzysztof Jotko,-130,-120,-125,-125,-115,,-125,-125,-125,,-122,-182,182,"['79', '-124']",1,
Guido Cannetti,225,240,240,240,245,,240,250,250,,238,Randy Costa,-265,-300,-300,-315,-300,,-315,-333,-333,,-278,211,-211,"['241', '-304']",0,
Cory Sandhagen,-195,-200,-195,-200,-210,,-200,-222,-250,,-200,Yadong Song,165,170,165,160,168,,160,180,200,,170,-102,102,"['-208', '171']",1,
Chidi Njokuani,-130,-130,-130,-139,-128,,-139,-139,-138,,-121,Gregory Rodrigues,110,105,110,112,104,,112,110,110,,101,129,-129,"['-133', '108']",1,
Andre Fili,-125,-130,-125,-124,-128,,-124,-125,-125,,-133,Bill Algeo,105,105,105,100,104,,100,100,100,,113,214,-214,"['-127', '104']",0,
Rodrigo Nascimento,160,140,150,143,146,,143,140,150,,150,Tanner Boser,-190,-165,-175,-180,-180,,-180,-172,-188,,-175,106,-106,"['147', '-178']",0,
Anthony Hernandez,-205,-225,-220,-205,-210,,-205,-222,-225,,-212,Marc-Andre Barriault,175,180,180,163,168,,163,180,175,,182,-200,200,"['-214', '174']",1,
Damon Jackson,175,160,170,155,168,,155,162,150,,170,Pat Sabatini,-205,-200,-200,-195,-210,,-195,-189,-188,,-195,172,-172,"['163', '-197']",0,
Louis Cosce,180,185,180,180,184,,180,175,175,,180,Trevin Giles,-210,-225,-220,-230,-220,,-230,-213,-225,,-210,113,-113,"['180', '-220']",1,
Gillian Robertson,-150,-150,-150,-150,-146,,-150,-152,-150,,-152,Mariya Agapova,130,125,125,120,124,,120,125,120,,132,-121,121,"['-150', '125']",1,
Javid Basharat,-165,-175,-165,-175,-164,,-175,-172,-175,,-152,Tony Gravely,140,140,140,138,138,,138,140,140,,132,-104,104,"['-169', '138']",1,
Cameron Vancamp,130,125,130,138,142,,138,137,140,,132,Nikolas Motta,-150,-150,-155,-175,-168,,-175,-164,-175,,-152,-136,136,"['135', '-163']",0,
Nate Diaz,120,110,125,106,110,,106,110,110,,131,Tony Ferguson,-140,-135,-150,-132,-134,,-132,-139,-138,,-151,116,-116,"['114', '-139']",0,
Kevin Holland,430,400,400,425,410,,425,400,400,,475,Khamzat Chimaev,-560,-550,-550,-590,-590,,-590,-556,-549,,-650,-114,114,"['418', '-576']",0,
Daniel Rodriguez,-170,-165,-165,-165,-160,,-165,-161,-163,,-170,Jingliang Li,145,140,140,132,130,,132,130,130,,145,-143,143,"['-165', '136']",1,
Irene Aldana,-180,-185,-180,-182,-178,,-182,-175,-175,,-170,Macy Chiasson,155,150,155,145,144,,145,150,140,,145,156,-156,"['-179', '148']",0,
Ion Cutelaba,-215,-200,-220,-205,-215,,-205,-213,-200,,-210,Johnny Walker,185,165,180,163,172,,163,175,163,,180,-189,189,"['-209', '172']",0,
Hakeem Dawodu,-205,-225,-220,-220,-215,,-220,-227,-225,,-225,Julian Erosa,175,185,180,175,172,,175,187,175,,190,-201,201,"['-220', '179']",0,
Denis Tiuliulin,110,110,115,107,112,,107,110,110,,108,Jamie Pickett,-130,-135,-135,-132,-132,,-132,-139,-138,,-128,-106,106,"['110', '-133']",1,
Chris Barnett,370,333,360,330,385,,330,300,333,,375,Jake Collier,-460,-450,-470,-435,-500,,-435,-400,-450,,-500,203,-203,"['346', '-456']",0,
Darian Weeks,-120,-125,-125,-125,-124,,-125,-125,-120,,-117,Yohan Lainesse,100,105,105,102,106,,102,100,-105,,-103,100,-100,"['-123', '57']",1,
Ciryl Gane,-560,-550,-625,-560,-590,,-560,-556,-549,-550,-700,Tai Tuivasa,430,400,450,410,410,,410,400,400,+425,450,-198,198,"['-580', '418']",1,
Marvin Vettori,180,185,180,175,190,,175,200,163,,175,Robert Whittaker,-210,-225,-220,-225,-230,,-225,-250,-200,,-205,-277,277,"['180', '-221']",0,
Alessio Di Chirico,-105,-110,-105,-112,-108,,-112,-111,100,,-108,Roman Kopylov,-115,-110,-115,-112,-108,,-112,-111,-125,,-112,-149,149,"['-86', '-113']",0,
Joaquin Buckley,200,200,210,210,205,,210,200,200,,195,Nassourdine Imavov,-240,-250,-260,-275,-250,,-275,-250,-250,,-230,127,-127,"['203', '-253']",1,
Charles Jourdain,-145,-150,-155,-150,-142,,-150,-152,-150,,-160,Nathaniel Wood,125,125,130,120,120,,120,125,120,,140,105,-105,"['-150', '125']",1,
John Makdessi,195,190,220,180,188,,180,200,220,,218,Nasrat Haqparast,-230,-250,-270,-230,-225,,-230,-250,-275,,-258,246,-246,"['199', '-246']",1,
Luke Rockhold,285,260,290,275,250,,275,275,250,,295,Paulo Costa,-345,-350,-370,-360,-340,,-360,-357,-333,,-360,140,-140,"['273', '-353']",1,
Jose Aldo,115,115,115,102,104,,102,100,-105,,112,Merab Dvalishvili,-135,-140,-135,-127,-132,,-127,-125,-120,,-132,287,-287,"['84', '-130']",1,
Alexander Romanov,-360,-375,-380,-400,-480,,-400,-400,-450,,-365,Marcin Tybura,295,300,300,310,330,,310,300,333,,300,-144,144,"['-401', '309']",0,
Harry Hunsucker,540,500,550,575,520,,575,550,500,,500,Tyson Pedro,-740,-750,-800,-835,-900,,-835,-833,-800,,-800,220,-220,"['534', '-810']",1,
Lucie Pudilova,-125,-125,-120,-132,-142,,-132,-139,-138,,-116,Yanan Wu,105,105,100,106,112,,106,110,110,,-104,143,-143,"['-130', '83']",0,
Luis Saldana,270,260,270,255,265,,255,250,250,,285,Sean Woodson,-325,-350,-340,-335,-370,,-335,-333,-333,,-350,124,-124,"['262', '-341']",0,
A.J. Fletcher,-155,-160,-160,-162,-172,,-162,-161,-163,,-160,Ange Loosa,135,130,135,130,134,,130,130,130,,140,-275,275,"['-162', '133']",0,
Amir Albazi,-410,-500,-470,-455,-460,,-455,-455,-400,,-500,Francisco Figueiredo,330,375,360,340,320,,340,350,300,,385,-233,233,"['-456', '344']",1,
Daniel da Silva,150,155,160,160,164,,160,162,150,,159,Victor Altamirano,-175,-190,-190,-200,-215,,-200,-189,-188,,-184,144,-144,"['158', '-192']",1,
Dominick Cruz,195,185,200,185,198,,185,200,200,+160,190,Marlon Vera,-230,-225,-240,-235,-250,,-235,-250,-250,-185,-225,310,-310,"['190', '-232']",1,
David Onama,-345,-375,-340,-345,-340,,-345,-333,-333,,-350,Nate Landwehr,285,280,270,265,260,,265,250,250,,285,-195,195,"['-345', '268']",0,
Azamat Murzakanov,-150,-160,-165,-165,-154,,-165,-161,-150,,-163,Devin Clark,130,135,140,132,126,,132,130,120,,143,138,-138,"['-159', '132']",0,
Ariane Lipski,-200,-200,-190,-200,-205,,-200,-189,-200,,-190,Priscila Cachoeira,170,170,160,160,164,,160,162,163,,165,-184,184,"['-197', '164']",0,
Bruno Silva,-285,-275,-300,-315,-310,,-315,-303,-275,,-270,Gerald Meerschaert,240,230,240,240,240,,240,240,210,,230,-100,100,"['-294', '234']",0,
Charlie Ontiveros,275,260,280,280,270,,280,350,260,,290,Gabriel Benitez,-330,-350,-360,-375,-355,,-375,-455,-350,,-365,134,-134,"['283', '-368']",1,
Ode' Osbourne,-340,-350,-310,-335,-340,,-335,-333,-275,,-350,Tyson Nam,280,275,250,260,260,,260,250,210,,285,-210,210,"['-330', '259']",0,
Amanda Nunes,-255,-275,-270,-286,-290,,-286,-278,-275,-270,-250,Julianna Pena,215,210,220,225,225,,225,225,210,230,210,182,-182,"['-274', '220']",0,
Brandon Moreno,-205,-225,-210,-215,-225,,-215,-213,-225,-200,-188,Kai Kara-France.,175,180,175,170,180,,170,175,175,170,163,-231,231,"['-212', '173']",1,
Derrick Lewis,130,130,135,120,122,,120,130,120,-122,130,Sergei Pavlovich,-150,-155,-160,-150,-150,,-150,-161,-167,102,-150,100,-100,"['102', '-129']",1,
Alex Perez,160,160,160,163,154,,163,162,150,137,157,Alexandre Pantoja,-190,-200,-190,-205,-194,,-205,-189,-188,-157,-182,-104,104,"['157', '-190']",0,
Anthony Smith,450,450,450,420,410,,420,450,400,380,450,Magomed Ankalaev,-600,-650,-625,-590,-590,,-590,-625,-549,-475,-700,294,-294,"['428', '-599']",1,
Alex Morono,140,135,135,130,134,,130,137,138,140,141,Matthew Semelsberger,-165,-165,-160,-162,-164,,-162,-164,-175,-160,-161,-187,187,"['136', '-164']",1,
Drew Dober,-165,-175,-165,-177,-178,,-177,-175,-175,-230,-160,Rafael Alves,140,145,140,140,144,,140,150,150,190,140,-193,193,"['-178', '148']",1,
Drakkar Klose,-200,-200,-190,-210,-190,,-210,-213,-225,-220,-191,Rafa Garcia,170,165,160,165,160,,165,175,180,180,166,-125,125,"['-205', '169']",1,
Ji Yeon Kim,110,110,115,110,108,,110,100,105,102,111,Joselyne Edwards.,-130,-135,-135,-137,-126,,-137,-125,-133,-122,-131,220,-220,"['108', '-131']",1,
Jamahal Hill,-260,-275,-270,-278,-260,,-278,-278,-275,-265,-265,Thiago Santos,220,210,220,215,215,,215,225,200,225,225,115,-115,"['-270', '217']",0,
Augusto Sakai,180,170,180,175,176,,175,180,175,180,180,Serghei Spivac,-210,-200,-220,-225,-210,,-225,-222,-250,-220,-210,172,-172,"['177', '-219']",1,
Michar Oleksiejczuk,-560,-550,-550,-530,-490,,-530,-500,-450,-400,-700,Sam Alvey,430,375,400,390,380,,390,380,300,325,450,-357,357,"['-526', '382']",1,
Bryan Battle,-230,-225,-230,-225,-225,,-225,-222,-250,-220,-230,Takashi Sato,195,190,190,175,188,,175,180,175,180,195,-199,199,"['-228', '184']",1,
Erick Gonzalez,600,625,600,600,610,,600,600,500,600,600,Terrance McKinney,-850,-1000,-900,-910,-900,,-910,-1000,-1000,-900,-1000,335,-335,"['594', '-937']",1,
Mayra Bueno Silva,-140,-145,-140,-165,-148,,-165,-161,-150,-170,-139,Stephanie Egger,120,120,120,132,126,,132,130,115,150,119,119,-119,"['-152', '126']",0,
Curtis Blaydes,125,130,125,123,116,,123,130,130,125,122,Tom Aspinall,-145,-160,-150,-152,-142,,-152,-161,-154,-135,-142,136,-136,"['125', '-149']",0,
Chris Curtis,-110,-120,100,-120,-115,,-120,-125,-120,-104,-110,Jack Hermansson,-110,100,-120,-105,-105,,-105,100,-105,-106,-110,200,-200,"['-94', '-67']",1,
Jordan Leavitt,220,225,210,225,210,,225,225,210,225,215,Paddy Pimblett,-260,-275,-260,-286,-265,,-286,-278,-275,-245,-255,118,-118,"['219', '-268']",1,
Alexander Gustafsson,170,165,165,165,164,,165,170,163,180,167,Nikita Krylov,-200,-200,-195,-210,-205,,-210,-200,-200,-195,-192,148,-148,"['167', '-201']",1,
Hannah Goldy,370,350,350,370,330,,370,350,350,355,375,Molly McCann,-460,-500,-450,-500,-420,,-500,-455,-450,-400,-500,180,-180,"['357', '-464']",1,
Paul Craig,120,115,125,110,112,,110,125,115,132,129,Volkan Oezdemir,-140,-140,-150,-137,-134,,-137,-152,-143,-142,-149,-100,100,"['119', '-142']",0,
Ludovit Klein,320,310,340,320,350,,320,300,300,340,350,Mason Jones,-390,-400,-440,-435,-450,,-435,-400,-400,-380,-450,115,-115,"['325', '-418']",0,
Damir Hadrovir,330,310,340,330,290,,330,300,300,315,350,Marc Diakiese,-410,-400,-440,-435,-360,,-435,-400,-400,-345,-450,219,-219,"['320', '-408']",1,
Charles Rosa,430,425,450,425,420,,425,400,450,450,425,Nathaniel Wood,-560,-650,-625,-590,-560,,-590,-556,-599,-525,-650,182,-182,"['430', '-590']",1,
Jonathan Pearce,-155,-165,-160,-165,-168,,-165,-175,-188,-175,-146,Makwan Amirkhani,135,135,135,132,142,,132,150,150,165,126,-184,184,"['-166', '140']",1,
Jai Herbert,-285,-275,-280,-278,-290,,-278,-303,-275,-270,-290,Kyle Nelson,240,225,230,215,235,,215,240,210,248,245,102,-102,"['-282', '230']",0,
Mandy Bohm,-110,-120,-120,-118,-118,,-118,-125,-120,-110,-116,Victoria Leonardo,-110,100,100,-106,100,,-106,100,-105,100,-104,-111,111,"['-118', '-3']",0,
Claudio Silva,185,185,180,170,172,,170,200,180,205,177,Nicolas Dalby,-215,-225,-220,-215,-205,,-215,-250,-235,-225,-207,-101,101,"['182', '-221']",0,
Brian Ortega,-155,-175,-170,-175,-178,,-175,-175,-175,-155,-155,Yair Rodriguez,135,145,145,138,144,,138,150,140,145,135,124,-124,"['-169', '142']",1,
Jingliang Li,140,135,140,132,134,,132,130,130,142,135,Muslim Salikhov,-165,-165,-165,-165,-164,,-165,-161,-163,-152,-155,108,-108,"['135', '-162']",0,
Matt Schnell,225,210,220,220,220,,220,225,210,230,215,Su Mudaerji,-265,-275,-270,-286,-280,,-286,-278,-275,-250,-255,-103,103,"['220', '-272']",1,
Charles Jourdain,140,145,145,145,138,,145,140,140,145,140,Shane Burgos,-165,-175,-170,-182,-170,,-182,-172,-175,-155,-160,-145,145,"['142', '-171']",0,
Lauren Murphy,170,185,180,165,172,,165,175,175,175,170,Miesha Tate,-200,-225,-220,-210,-215,,-210,-213,-225,-190,-200,-115,115,"['173', '-211']",1,
Jack Shore,-150,-155,-155,-162,-160,,-162,-161,-150,-145,-152,Ricky Simon,130,125,130,130,130,,130,130,120,135,132,105,-105,"['-155', '129']",1,
Bill Algeo,-210,-200,-220,-215,-220,,-215,-200,-200,-200,-211,Herbert Burns,180,170,180,169,176,,169,170,163,185,181,-200,200,"['-209', '174']",1,
Da Un Jung,-110,-115,-115,-125,-120,,-125,-111,-125,-112,-112,Dustin Jacoby,-110,-105,-105,101,-102,,101,-111,100,102,-108,-119,119,"['-117', '-24']",0,
Dustin Stoltzfus,-110,-105,-115,-109,-110,,-109,-111,-120,-105,-117,Dwight Grant,-110,-115,-105,-114,-110,,-114,-111,-105,-105,-103,-140,140,"['-111', '-109']",1,
Israel Adesanya,-475,-550,-490,-500,-520,,-500,-500,-500,-485,-500,Jared Cannonier,380,375,370,355,350,,355,380,375,385,375,-236,236,"['-502', '370']",1,
Alexander Volkanovski,-190,-200,-210,-205,-210,,-205,-200,-200,-190,-190,Max Holloway,160,165,175,162,168,,162,170,163,165,165,-156,156,"['-200', '166']",1,
Alex Pereira,115,105,105,101,-104,,101,100,-105,112,109,Sean Strickland,-135,-125,-125,-125,-118,,-125,-125,-120,-122,-129,319,-319,"['64', '-125']",0,
Pedro Munhoz,235,250,240,245,245,,245,240,230,255,244,Sean O'Malley,-280,-300,-300,-335,-320,,-335,-303,-300,-280,-284,247,-247,"['243', '-304']",0,
Bryan Barberena,-110,-110,-105,-108,-110,,-108,100,-110,105,-105,Robbie Lawler,-110,-110,-115,-115,-110,,-115,-125,-110,-115,-115,-205,205,"['-66', '-114']",1,
Brad Riddell,135,125,125,128,120,,128,130,130,130,127,Jalin Turner,-155,-155,-150,-159,-148,,-159,-161,-163,-140,-147,103,-103,"['128', '-154']",1,
Gabe Green,160,155,150,145,142,,145,140,140,155,150,Ian Garry,-190,-190,-175,-182,-176,,-182,-172,-175,-165,-175,165,-165,"['148', '-178']",1,
Donald Cerrone,160,160,160,153,160,,153,162,150,165,153,Jim Miller,-190,-190,-190,-195,-200,,-195,-189,-188,-175,-178,117,-117,"['158', '-189']",1,
Brad Tavares,130,135,130,132,130,,132,130,120,130,130,Dricus Du Plessis,-150,-165,-155,-165,-160,,-165,-161,-150,-140,-150,205,-205,"['130', '-156']",1,
Andre Muniz,-320,-350,-360,-335,-340,,-335,-357,-333,-315,-330,Uriah Hall,265,275,280,252,260,,252,275,250,285,270,-342,342,"['-338', '266']",1,
Jessica Eye,240,240,240,220,225,,220,240,210,240,244,Maycee Barber,-285,-300,-300,-286,-290,,-286,-303,-275,-280,-284,331,-331,"['232', '-289']",1,
Jessica-Rose Clark,-145,-165,-155,-159,-158,,-159,-152,-163,-145,-150,Julija Stoliarenko,125,135,130,128,128,,128,125,130,135,130,-115,115,"['-155', '129']",0,
Rafael Dos Anjos,175,165,175,165,168,,165,170,163,175,170,Rafael Fiziev,-205,-200,-210,-210,-200,,-210,-200,-225,-210,-200,139,-139,"['169', '-207']",1,
Antonina Shevchenko,-175,-175,-180,-177,-178,,-177,-175,-175,-175,-175,Cortney Casey,150,145,155,138,150,,138,150,130,155,150,168,-168,"['-176', '146']",0,
Ronnie Lawrence,-125,-120,-115,-113,-116,,-113,-125,-120,-120,-125,Saidyokub Kakhramonov,105,100,-105,-113,-102,,-113,100,-110,100,105,108,-108,"['-119', '-3']",1,
Armen Petrosyan,150,145,145,140,142,,140,130,125,147,150,Caio Borralho,-175,-175,-170,-177,-168,,-177,-161,-163,-167,-175,109,-109,"['141', '-171']",1,
Cody Brundage.,-105,-110,-115,-113,-116,,-113,-111,-120,-110,-110,Tresean Gore,-115,-110,-105,-113,-102,,-113,-111,-110,-110,-110,-107,107,"['-112', '-110']",1,
Aiemann Zahabi,150,145,150,138,150,,138,150,130,155,150,Ricky Turcios,-175,-175,-175,-177,-178,,-177,-175,-175,-175,-175,203,-203,"['146', '-176']",0,
Karl Roberson,-105,-115,-120,-125,-116,,-125,-125,-120,-110,-115,Kennedy Nzechukwu,-115,-105,100,100,-102,,100,100,-110,-110,-105,103,-103,"['-118', '-25']",1,
Calvin Kattar,-230,-250,-240,-240,-250,,-240,-227,-225,-215,-225,Josh Emmett,195,195,200,187,198,,187,187,185,195,190,-117,117,"['-234', '192']",0,
Kevin Holland,-305,-300,-300,-335,-310,,-335,-333,-300,-290,-305,Tim Means,255,240,240,245,240,,245,250,225,260,255,-455,455,"['-311', '246']",1,
Albert Duraev,-225,-250,-230,-235,-230,,-235,-227,-225,-200,-200,Joaquin Buckley,190,195,190,183,184,,183,187,175,185,170,108,-108,"['-226', '184']",1,
Damir Ismagulov,-180,-160,-175,-175,-170,,-175,-172,-163,-175,-180,Guram Kutateladze,155,130,150,135,138,,135,140,130,165,155,-184,184,"['-172', '143']",1,
Gregory Rodrigues,-170,-175,-175,-177,-184,,-177,-175,-188,-170,-173,Julian Marquez,145,145,150,140,148,,140,150,150,160,148,-126,126,"['-176', '148']",1,
Adrian Yanez,-300,-275,-300,-335,-290,,-335,-303,-286,-280,-287,Tony Kelley,250,225,240,245,225,,245,240,225,255,247,-251,251,"['-299', '240']",1,
Court McGee,-110,-115,-115,-121,-110,,-121,-125,-125,205,-118,Jeremiah Wells,-110,-105,-105,-103,-110,,-103,100,100,-225,-102,179,-179,"['-86', '-76']",1,
Danny Chavez,250,240,250,240,235,,240,250,250,265,250,Ricardo Ramos,-300,-300,-310,-335,-300,,-335,-333,-333,-295,-300,353,-353,"['247', '-314']",1,
Gloria de Paula,-250,-275,-240,-265,-255,,-265,-278,-275,-245,-245,Maria Oliveira,210,220,200,200,210,,200,225,210,225,210,-115,115,"['-259', '211']",0,
Cody Stamann,-600,-600,-625,-670,-670,,-670,-625,-599,-525,-700,Eddie Wineland,450,425,450,445,490,,445,450,400,450,450,-310,310,"['-628', '446']",1,
Kyle Daukaus,-245,-275,-260,-250,-260,,-250,-303,-250,-250,-260,Roman Dolidze,205,210,210,195,215,,195,240,200,230,220,-107,107,"['-260', '212']",0,
Taila Santos,450,425,450,450,450,+550,450,450,450,425,400,Valentina Shevchenko,-630,-650,-625,-670,-720,-800,-670,-625,-649,-550,-600,129,-129,"['450', '-654']",1,
Joanna Jedrzejczyk,140,145,140,145,134,,145,150,150,145,145,Zhang Weili,-160,-175,-165,-180,-172,,-180,-175,-188,-165,-170,-115,115,"['144', '-173']",0,
Jack Della Maddalena,-155,-165,-160,-157,-166,,-157,-152,-163,-152,-155,Ramazan Emeev,135,140,135,126,130,,126,125,130,132,135,-156,156,"['-158', '131']",1,
Brendan Allen,-320,-300,-300,-335,-330,,-335,-333,-333,-300,-310,Jacob Malkoun,250,240,240,253,240,,253,250,250,250,260,113,-113,"['-320', '249']",0,
Joshua Culibao,190,200,200,195,196,,195,200,175,190,195,Seung Woo Choi,-235,-250,-240,-250,-260,,-250,-250,-225,-230,-230,-105,105,"['194', '-242']",1,
Andre Fialho,-145,-150,-145,-150,-158,,-150,-152,-150,-150,-140,Jake Matthews,125,125,120,120,124,,120,125,120,130,120,199,-199,"['-149', '123']",1,
Danaa Batgerel.,-140,-140,-135,-143,-138,,-143,-139,-138,-137,-136,Kang Kyung-Ho,120,115,115,115,108,,115,110,110,117,116,-117,117,"['-139', '114']",0,
Liang Na,120,115,120,115,114,,115,110,110,115,115,Silvana Gomez Juarez,-140,-140,-140,-143,-146,,-143,-139,-138,-135,-135,-141,141,"['115', '-140']",0,
Joselyne Edwards,-155,-150,-165,-167,-184,,-167,-172,-175,-160,-170,Ramona Pascual,135,125,140,134,142,,134,140,140,140,145,-145,145,"['-166', '138']",1,
Calvin Cattar,185,200,190,195,215,+180,195,200,175,190,205,Giga Chikadze,-225,-250,-230,-250,-260,-230,-250,-250,-225,-230,-240,214,-214,"['194', '-240']",0,
Alexander Volkov,-160,-165,-160,-159,-154,,-159,-172,-163,-160,-160,Jairzinho Rozenstruik,140,135,135,125,130,,125,140,130,140,140,105,-105,"['-161', '134']",0,
Benoit Saint-Denis,-145,-150,-150,-150,-146,,-150,-152,-150,-147,-150,Niklas Stolze,125,125,125,118,124,,118,125,110,127,130,-165,165,"['-149', '123']",1,
Alex da Silva,155,165,170,168,180,,168,162,163,165,150,Joe Solecki,-180,-200,-200,-220,-215,,-220,-189,-225,-190,-175,123,-123,"['165', '-201']",1,
Dan Ige,240,240,240,227,235,,227,240,240,245,240,Movsar Evloev,-305,-300,-300,-305,-290,,-305,-303,-333,-290,-280,170,-170,"['237', '-301']",1,
Jeff Molina,-165,-165,-170,-159,-158,,-159,-161,-163,-170,-180,Zhalgas Zhumagulov,145,140,145,125,134,,125,130,125,150,155,-253,253,"['-165', '137']",1,
Ode' Osbourne,-165,-165,-165,-159,-152,,-159,-161,-150,-160,-163,Zarrukh Adashev,145,135,140,125,128,,125,130,115,140,143,114,-114,"['-160', '133']",0,
Erin Blanchfield,-550,-650,-550,-480,-490,,-480,-455,-450,-550,-625,Jj Aldrich,400,425,400,340,380,,340,350,300,425,450,-300,300,"['-528', '381']",1,
Holly Holm,-240,-250,-230,-230,-245,,-230,-250,-225,-245,-250,Ketlen Vieira,195,200,190,175,194,,175,200,175,205,210,104,-104,"['-240', '192']",1,
Michel Pereira,-120,-125,-125,-118,-122,,-118,-125,-125,-125,-125,Santiago Ponzinibbio,100,105,105,-106,100,,-106,100,100,105,105,-182,182,"['-123', '61']",1,
Chidi Njokuani,-220,-225,-230,-215,-215,,-215,-222,-200,-235,-235,Durko Todorovir,180,190,190,165,172,,165,180,163,195,200,-193,193,"['-221', '180']",1,
Eryk Anders,160,175,175,164,184,,164,175,175,175,175,Jun Yong Park,-205,-225,-210,-215,-230,,-215,-213,-225,-210,-205,113,-113,"['172', '-215']",1,
Polyana Viana,110,110,110,100,-104,,100,110,-105,110,113,Tabatha Ricci,-130,-135,-130,-124,-118,,-124,-139,-120,-130,-133,-105,105,"['65', '-128']",0,
Alen Amedovski,165,160,165,150,160,,150,162,150,165,167,Joseph Holmes,-195,-200,-195,-195,-200,,-195,-189,-188,-190,-192,321,-321,"['159', '-194']",1,
Jailton Almeida,-630,-600,-625,-670,-620,,-670,-625,-649,-620,-600,Parker Porter,450,425,450,425,430,,425,450,450,460,450,-407,407,"['-631', '442']",1,
Omar Morales,-150,-165,-155,-167,-154,,-167,-164,-163,-155,-145,Uros Medic,130,135,130,130,126,,130,137,130,135,125,129,-129,"['-158', '131']",1,
Jonathan Martinez,-220,-225,-220,-215,-210,,-215,-213,-200,-225,-220,Vince Morales,180,185,180,162,168,,162,175,163,185,185,-136,136,"['-216', '174']",1,
Chase Hooper,140,150,150,140,142,,140,140,140,155,155,Felipe Colares,-160,-185,-175,-177,-176,,-177,-172,-175,-175,-180,-146,146,"['145', '-175']",1,
Elise Reed,-165,-175,-170,-177,-172,,-177,-172,-175,-167,-175,Sam Hughes,145,145,145,140,140,,140,140,140,147,150,116,-116,"['-172', '143']",1,
Aleksandar Rakic,-200,-200,-220,-200,-198,,-200,-189,-200,-200,-200,Jan Blachowicz,170,165,180,155,166,,155,162,163,185,170,-217,217,"['-201', '167']",0,
Ion Curelaba,-210,-225,-240,-225,-225,,-225,-227,-225,-220,-221,Ryan Spann,175,185,200,180,188,,180,187,175,200,186,-118,118,"['-224', '186']",0,
Davey Grant,-280,-300,-280,-305,-300,,-305,-278,-333,-290,-280,Louis Smolka,225,240,230,225,245,,225,225,250,260,240,137,-137,"['-295', '236']",0,
Amanda Ribas,140,150,135,136,144,,136,162,150,160,150,Katlyn Chookagian,-160,-185,-160,-175,-172,,-175,-189,-188,-170,-175,-197,197,"['146', '-175']",0,
Frank Camacho,110,105,105,105,112,,105,110,100,115,110,Manuel Torres,-130,-125,-125,-136,-132,,-136,-139,-125,-125,-130,-130,130,"['108', '-130']",0,
Andrea Lee,-125,-120,-120,-122,-116,,-122,-125,-125,-115,-124,Viviane Araujo,105,100,100,-104,-102,,-104,100,100,105,104,-116,116,"['-121', '40']",0,
Alan Patrick,125,130,125,120,122,,120,125,120,132,126,Michael Johnson,-145,-155,-150,-150,-144,,-150,-152,-150,-142,-146,110,-110,"['124', '-148']",1,
Angela Hill,170,150,160,150,154,,150,162,150,170,172,Virna Jandiroba,-200,-185,-190,-190,-184,,-190,-189,-188,-185,-202,180,-180,"['159', '-190']",1,
Andre Petroski,280,280,300,290,300,,290,275,300,295,285,Nick Maximov,-365,-375,-380,-400,-375,,-400,-357,-400,-325,-350,160,-160,"['290', '-373']",0,
Carla Esparza,175,185,180,158,168,155,158,175,175,180,175,Rose Namajunas,-210,-225,-220,-210,-200,-190,-210,-213,-225,-220,-205,-134,134,"['171', '-212']",1,
Michael Chandler,-365,-400,-360,-400,-360,-400,-400,-400,-400,-345,-400,Tony Ferguson,280,300,280,300,290,300,300,300,300,285,300,127,-127,"['-385', '294']",0,
Mauricio Rua,195,200,190,200,205,210,200,200,200,205,210,Ovince St. Preux,-240,-250,-230,-265,-250,-260,-265,-250,-250,-245,-250,201,-201,"['201', '-250']",1,
Khaos Williams,-125,-120,-120,-125,-120,-135,-125,-125,-120,-120,-120,Randy Brown,105,100,100,101,102,112,101,100,-105,100,100,-186,186,"['-123', '83']",0,
Macy Chiasson,185,180,180,183,198,195,183,180,175,185,185,Norma Dumont,-225,-225,-220,-235,-240,-240,-235,-222,-225,-225,-220,-112,112,"['184', '-228']",1,
Brandon Royval,-240,-275,-260,-265,-255,-270,-265,-250,-250,-245,-220,Matt Schnell,195,220,210,205,210,215,205,200,200,205,185,-124,124,"['-254', '205']",1,
Blagoy Ivanov,-145,-145,-155,-152,-156,-150,-152,-152,-150,-150,-151,Marcos Rogerio de lima,125,120,130,122,132,125,122,125,120,130,131,103,-103,"['-151', '126']",0,
Danny Roberts,-105,-110,-105,-103,-104,100,-103,100,-105,-105,-110,Francisco Trinaldo,-115,-110,-115,-121,-112,-120,-121,-125,-120,-115,-110,-101,101,"['-68', '-117']",0,
Melissa Gatto,125,120,120,128,128,150,128,130,120,130,120,Tracy Cortez,-145,-145,-140,-159,-152,-180,-159,-161,-150,-150,-140,-104,104,"['127', '-153']",0,
Marlon Vera,-115,100,-105,101,-106,+112,101,-111,-105,-112,-115,Rob Font,-105,-120,-115,-125,-110,-135,-125,-111,-120,-108,-105,-137,137,"['-32', '-116']",1,
Andrei Arlovski.,-110,-135,-125,-137,-134,-140,-137,-125,-143,-120,-110,Jake Collier,-110,110,105,110,116,+116,110,100,115,100,-110,174,-174,"['-129', '69']",0,
Andre Fili,-260,-250,-240,-278,-235,-270,-278,-250,-275,-240,-264,Joanderson Brito,210,200,200,210,194,+215,210,200,220,200,224,-153,153,"['-258', '208']",0,
Grant Dawson.,-220,-200,-220,-190,-190,-165,-190,-189,-188,-220,-220,Jared Gordon,180,160,180,150,160,+136,150,162,150,180,185,111,-111,"['-199', '163']",0,
Darren Elkins,-165,-185,-190,-177,-174,-167,-177,-164,-175,-170,-170,Tristan Connelly,145,150,160,140,146,+140,140,137,140,150,145,114,-114,"['-174', '145']",0,
Gerald Meerschaert,170,150,175,145,172,+140,145,150,145,175,190,Krzysztof Jotko,-200,-185,-210,-182,-205,-170,-182,-175,-175,-210,-225,157,-157,"['160', '-193']",1,
Alexandr Romanov,-2000,-2500,-2000,-2500,-1800,,-2500,-2500,-2000,-1700,-2500,Chase Sherman,1000,1050,1000,1000,980,,1000,1100,900,1100,1200,-399,399,"['-2200', '1033']",1,
Marcin Prachnio,-125,-125,-125,-125,-125,-125,-230,-250,-120,-130,-126,Philipe Lins,105,105,105,105,108,104,105,100,-105,110,106,-167,167,"['-146', '86']",0,
Aioriqileng,-225,-220,-225,-225,-225,-240,-230,-250,-250,-220,-245,Cameron Else,200,220,210,190,180,180,200,210,175,200,145,-182,182,"['-232', '192']",1,
Tyson Pedro,-630,-630,-630,-630,-630,-650,-230,-250,-599,-700,-900,Ike Villnueva,450,475,450,410,460,470,410,400,450,500,550,-175,175,"['-589', '457']",1,
Sergey Khandozhko,-125,-125,-125,-125,-125,-120,-230,-250,-120,-125,-135,Dwight Grant,105,105,105,101,100,100,101,100,-105,105,115,-173,173,"['-146', '85']",1,
Marc-Andre Barriault,-220,-220,-220,-220,-220,-195,-230,-250,-200,-200,-220,Jordan Wright,180,165,175,150,160,160,150,170,163,170,185,-138,138,"['-218', '166']",1,
Charles Jourdain,-115,-115,-115,-115,-115,-120,-230,-250,-120,-110,-113,Lando Vannata,-105,-105,100,-103,102,100,-103,110,-105,-110,-107,-154,154,"['-138', '-30']",1,
Maycee Barber,-180,-180,-180,-180,-180,-190,-230,-250,-200,-177,-180,Montana de La Rosa,155,155,155,150,164,155,150,162,163,157,155,-128,128,"['-193', '156']",1,
Claudio Puelles,-125,-125,-125,-125,-125,-118,-230,-250,-110,-110,-110,Clay Guida,105,-110,-105,-113,-110,-103,-113,-111,-110,-110,-110,-362,362,"['-141', '-90']",1,
Amanda Lemos,190,190,190,190,190,185,-230,-250,180,215,230,Jessica Andrade,-235,-225,-260,-235,-270,-230,-235,-227,-225,-255,-270,202,-202,"['116', '-242']",1,
